history,manager,chain,mode,rhs,process,ratio,baseline_ms,candidate_ms
runtime-40000,pfi,0,ftran,actual,pfi-production1,0.9991977740518634,0.23711463414634146,0.23692441463414637
runtime-40000,pfi,0,ftran,dense,pfi-production1,0.9916284127941897,0.2678263421052632,0.2655842105263158
runtime-40000,pfi,0,btran,actual,pfi-production1,0.993351696258719,0.2147404255319149,0.2133127659574468
runtime-40000,pfi,0,btran,dense,pfi-production1,0.9727740104665734,0.3101028571428572,0.30166000000000004
runtime-40000,pfi,80,ftran,actual,pfi-production1,0.936059810062639,0.6511842105263157,0.6095473684210526
runtime-40000,pfi,80,ftran,dense,pfi-production1,0.9783323271901226,0.7026625625,0.6874375
runtime-40000,pfi,80,btran,actual,pfi-production1,1.0199545861143602,0.7750933333333334,0.7905599999999999
runtime-40000,pfi,80,btran,dense,pfi-production1,1.0102540099398096,0.8362500833333334,0.844825
runtime-40000,pfi,320,ftran,actual,pfi-production1,0.9535762769168752,1.8431668333333333,1.7576001666666665
runtime-40000,pfi,320,ftran,dense,pfi-production1,0.9158752851323351,1.8831168333333332,1.7247001666666666
runtime-40000,pfi,320,btran,actual,pfi-production1,0.9823396320245154,2.3068602,2.2661202
runtime-40000,pfi,320,btran,dense,pfi-production1,0.9809818643552468,2.4292602,2.3830601999999996
fast0507-1000,pfi,0,ftran,actual,pfi-production1,0.9804987585954716,0.0028403491564197884,0.002784958821847298
fast0507-1000,pfi,0,ftran,dense,pfi-production1,1.0207399354428357,0.00330492832,0.0033734723199999998
fast0507-1000,pfi,0,btran,actual,pfi-production1,0.9955817096763762,0.003521922366621067,0.003506361491108071
fast0507-1000,pfi,0,btran,dense,pfi-production1,1.0228890668259623,0.0038546125048243927,0.003942840988035507
fast0507-1000,pfi,80,ftran,actual,pfi-production1,0.9184962311769584,0.013652667100130038,0.012539923276983096
fast0507-1000,pfi,80,ftran,dense,pfi-production1,0.8683455416920701,0.014743810884353743,0.01280272244897959
fast0507-1000,pfi,80,btran,actual,pfi-production1,1.0004711059124123,0.01922319202898551,0.0192322481884058
fast0507-1000,pfi,80,btran,dense,pfi-production1,0.9990381749330882,0.019728464895635674,0.019709489563567363
fast0507-1000,pfi,320,ftran,actual,pfi-production1,0.8836662472666157,0.05392563819095478,0.0476522663316583
fast0507-1000,pfi,320,ftran,dense,pfi-production1,0.911168872720781,0.05417512935323383,0.04936269154228856
fast0507-1000,pfi,320,btran,actual,pfi-production1,0.9865547508616399,0.07325549315068494,0.07227055479452055
fast0507-1000,pfi,320,btran,dense,pfi-production1,1.0142212565878852,0.07257972027972028,0.0736118951048951
runtime-40000,pfi,0,ftran,actual,pfi-production2,0.99765899728725,0.2427560975609756,0.24218780487804878
runtime-40000,pfi,0,ftran,dense,pfi-production2,1.0444815770115372,0.27536666666666665,0.2876154102564103
runtime-40000,pfi,0,btran,actual,pfi-production2,1.0188096212235405,0.22113809523809524,0.22529761904761905
runtime-40000,pfi,0,btran,dense,pfi-production2,0.9901791173897229,0.317878125,0.31475628125
runtime-40000,pfi,80,ftran,actual,pfi-production2,0.9650878081729144,0.658,0.6350277777777777
runtime-40000,pfi,80,ftran,dense,pfi-production2,0.9256345241805729,0.6983,0.6463705882352941
runtime-40000,pfi,80,btran,actual,pfi-production2,0.9653142624321832,0.7772166666666667,0.7502583333333334
runtime-40000,pfi,80,btran,dense,pfi-production2,1.0054198332924738,0.8158,0.8202215
runtime-40000,pfi,320,ftran,actual,pfi-production2,0.9494518771209778,1.8761,1.7812666666666666
runtime-40000,pfi,320,ftran,dense,pfi-production2,0.9075378654455794,1.9305200000000002,1.75202
runtime-40000,pfi,320,btran,actual,pfi-production2,0.9931937484579586,2.35078,2.33478
runtime-40000,pfi,320,btran,dense,pfi-production2,1.0214221060042241,2.38632,2.43744
fast0507-1000,pfi,0,ftran,actual,pfi-production2,1.0054027223611615,0.002849116127277672,0.002864509110688061
fast0507-1000,pfi,0,ftran,dense,pfi-production2,0.9814321854704728,0.003410688989053445,0.0033473599484868
fast0507-1000,pfi,0,btran,actual,pfi-production2,1.0018375770368835,0.0036292065663474688,0.003635875512995896
fast0507-1000,pfi,0,btran,dense,pfi-production2,1.0272718502797606,0.003938449848024317,0.004045858662613982
fast0507-1000,pfi,80,ftran,actual,pfi-production2,0.8996701786532295,0.014286649214659684,0.0128532722513089
fast0507-1000,pfi,80,ftran,dense,pfi-production2,0.899447010088965,0.014685832425068119,0.013209128065395094
fast0507-1000,pfi,80,btran,actual,pfi-production2,0.9726995539327324,0.019899250936329587,0.019355992509363297
fast0507-1000,pfi,80,btran,dense,pfi-production2,0.9962252783974846,0.019492293577981653,0.019418715596330276
fast0507-1000,pfi,320,ftran,actual,pfi-production2,0.9011232777438998,0.05388142857142857,0.04855380952380953
fast0507-1000,pfi,320,ftran,dense,pfi-production2,0.8504963542124219,0.054990338164251217,0.046769082125603864
fast0507-1000,pfi,320,btran,actual,pfi-production2,0.9776597206320129,0.07477739726027398,0.0731068493150685
fast0507-1000,pfi,320,btran,dense,pfi-production2,0.9393658417962474,0.07749078723404255,0.07279219858156029
runtime-40000,ft,0,ftran,actual,upper-production1,0.9881168049661113,0.2721896551724138,0.2689551724137931
runtime-40000,ft,0,ftran,dense,upper-production1,1.0019979572455067,0.3016594594594595,0.3022621621621621
runtime-40000,ft,0,btran,actual,upper-production1,1.0288494781996287,0.2296911764705882,0.23631764705882355
runtime-40000,ft,0,btran,dense,upper-production1,1.0333692571747894,0.31316249999999995,0.32361249999999997
runtime-40000,ft,80,ftran,actual,upper-production1,0.9416139447212736,0.6303882352941176,0.5935823529411764
runtime-40000,ft,80,ftran,dense,upper-production1,0.9155868138683518,0.6868750625,0.62889375
runtime-40000,ft,80,btran,actual,upper-production1,0.9824717192386393,0.7400285714285715,0.7270571428571428
runtime-40000,ft,80,btran,dense,upper-production1,0.9849370101705759,0.8175923076923076,0.805276923076923
runtime-40000,ft,320,ftran,actual,upper-production1,0.9109255518684173,1.5842285714285713,1.4431142857142856
runtime-40000,ft,320,ftran,dense,upper-production1,0.932430001154437,1.6087,1.5000001428571428
runtime-40000,ft,320,btran,actual,upper-production1,0.9677603128155995,1.9308499999999997,1.8686
runtime-40000,ft,320,btran,dense,upper-production1,1.006373121904874,1.9822833333333332,1.9949166666666664
runtime-40000,ss,0,ftran,actual,upper-production1,0.9744063979621032,0.2708675,0.263935025
runtime-40000,ss,0,ftran,dense,upper-production1,1.0297777295498527,0.3071833333333333,0.3163305555555555
runtime-40000,ss,0,btran,actual,upper-production1,1.0226947089058573,0.24003811904761907,0.24548571428571433
runtime-40000,ss,0,btran,dense,upper-production1,0.9718437945791726,0.32988235294117646,0.3205941176470588
runtime-40000,ss,80,ftran,actual,upper-production1,0.9586102007930327,0.6497764705882354,0.6228823529411764
runtime-40000,ss,80,ftran,dense,upper-production1,0.9751171133150452,0.6969117647058825,0.6795705882352941
runtime-40000,ss,80,btran,actual,upper-production1,0.9791822085122347,0.74965625,0.7340500624999999
runtime-40000,ss,80,btran,dense,upper-production1,0.976303891141407,0.8262357142857144,0.8066571428571427
runtime-40000,ss,320,ftran,actual,upper-production1,0.9042509762158324,1.6097142857142857,1.4555857142857143
runtime-40000,ss,320,ftran,dense,upper-production1,0.9370218555098148,1.6171142857142855,1.5152714285714286
runtime-40000,ss,320,btran,actual,upper-production1,0.9700456675880303,1.99704,1.93722
runtime-40000,ss,320,btran,dense,upper-production1,0.9824624046102618,2.0071166666666667,1.9719166666666665
runtime-40000,bg,0,ftran,actual,upper-production1,1.0089714718137144,0.2812333333333333,0.28375641025641024
runtime-40000,bg,0,ftran,dense,upper-production1,1.002575618101853,0.31631470588235294,0.3171294117647059
runtime-40000,bg,0,btran,actual,upper-production1,0.9865929748051553,0.2573277777777778,0.25387777777777776
runtime-40000,bg,0,btran,dense,upper-production1,0.9814408986861546,0.34652809375,0.34009684375
runtime-40000,bg,80,ftran,actual,upper-production1,0.9301989979588442,0.6686234705882352,0.6219528823529412
runtime-40000,bg,80,ftran,dense,upper-production1,0.9184978842187611,0.70305,0.6457499375
runtime-40000,bg,80,btran,actual,upper-production1,0.9871628457908405,0.7499066,0.7402799333333334
runtime-40000,bg,80,btran,dense,upper-production1,0.9819020811222372,0.8334999999999999,0.8184153846153847
runtime-40000,bg,320,ftran,actual,upper-production1,0.9184941641243023,1.629857,1.4970141428571428
runtime-40000,bg,320,ftran,dense,upper-production1,0.9360824213844537,1.6722428571428571,1.565357142857143
runtime-40000,bg,320,btran,actual,upper-production1,0.9776549572765496,1.9661333333333333,1.9222
runtime-40000,bg,320,btran,dense,upper-production1,0.9911959126847688,2.0179831666666668,2.0002166666666668
fast0507-1000,ft,0,ftran,actual,upper-production1,1.0133537761511449,0.0031740973312401883,0.0032164835164835166
fast0507-1000,ft,0,ftran,dense,upper-production1,0.9914890630952141,0.003769992441421013,0.0037379062736205594
fast0507-1000,ft,0,btran,actual,upper-production1,1.0047546429877676,0.0035818049490538577,0.003598835152838428
fast0507-1000,ft,0,btran,dense,upper-production1,0.9860183938343411,0.004061636927851047,0.004004848719937937
fast0507-1000,ft,80,ftran,actual,upper-production1,0.9223918827687543,0.010524973876698016,0.009708150470219437
fast0507-1000,ft,80,ftran,dense,upper-production1,0.9263627480976303,0.011220487264673312,0.010394241417497231
fast0507-1000,ft,80,btran,actual,upper-production1,0.9140416444207154,0.013099509202453988,0.011973496932515338
fast0507-1000,ft,80,btran,dense,upper-production1,0.9208944670319957,0.013224155844155844,0.012178051948051946
fast0507-1000,ft,320,ftran,actual,upper-production1,0.9476405339349502,0.043958677685950416,0.04165702479338843
fast0507-1000,ft,320,ftran,dense,upper-production1,0.9403089887640448,0.04628,0.0435175
fast0507-1000,ft,320,btran,actual,upper-production1,0.9251183474393917,0.03473920265780731,0.03213787375415283
fast0507-1000,ft,320,btran,dense,upper-production1,0.9284657740793404,0.03447006578947368,0.03200427631578947
fast0507-1000,ss,0,ftran,actual,upper-production1,1.0008017253690205,0.003172086606567933,0.003174629748873149
fast0507-1000,ss,0,ftran,dense,upper-production1,1.0043444775765715,0.003746873843877173,0.00376315205327414
fast0507-1000,ss,0,btran,actual,upper-production1,1.0007331083795292,0.0036434687156970368,0.003646139773143066
fast0507-1000,ss,0,btran,dense,upper-production1,0.9944916525042488,0.004039983844911147,0.004017730210016155
fast0507-1000,ss,80,ftran,actual,upper-production1,0.9270052066474923,0.01073793445878848,0.009954121151936444
fast0507-1000,ss,80,ftran,dense,upper-production1,0.9048210697467519,0.011220826161790017,0.010152839931153184
fast0507-1000,ss,80,btran,actual,upper-production1,0.926947545078448,0.013055796178343949,0.012102038216560508
fast0507-1000,ss,80,btran,dense,upper-production1,0.9354791528530756,0.013284455958549221,0.012427331606217618
fast0507-1000,ss,320,ftran,actual,upper-production1,0.9398367548849863,0.04211458333333334,0.03958083333333333
fast0507-1000,ss,320,ftran,dense,upper-production1,0.9506618871545909,0.0425148,0.0404172
fast0507-1000,ss,320,btran,actual,upper-production1,0.9464503004030727,0.03339428571428571,0.03160603174603175
fast0507-1000,ss,320,btran,dense,upper-production1,0.9228494934319504,0.03415657894736842,0.03152138157894737
fast0507-1000,bg,0,ftran,actual,upper-production1,0.9906364911482619,0.0033765119999999995,0.003344896
fast0507-1000,bg,0,ftran,dense,upper-production1,1.0037352562245947,0.003864415283674257,0.0038788498649170206
fast0507-1000,bg,0,btran,actual,upper-production1,1.0044805062257605,0.003878859857482185,0.0038962391132224866
fast0507-1000,bg,0,btran,dense,upper-production1,0.9885890978006086,0.0044106907171139464,0.004360360756709195
fast0507-1000,bg,80,ftran,actual,upper-production1,0.8988718375763345,0.010928710725893824,0.009823510292524377
fast0507-1000,bg,80,ftran,dense,upper-production1,0.9145622438398103,0.0115587899543379,0.010571232876712328
fast0507-1000,bg,80,btran,actual,upper-production1,0.9692525519233899,0.0130173100871731,0.012617061021170611
fast0507-1000,bg,80,btran,dense,upper-production1,0.9580776321438493,0.013309915966386554,0.012751932773109244
fast0507-1000,bg,320,ftran,actual,upper-production1,0.9325861430159317,0.04555274261603376,0.042481856540084385
fast0507-1000,bg,320,ftran,dense,upper-production1,0.9595858655876711,0.04595037037037037,0.04409332592592593
fast0507-1000,bg,320,btran,actual,upper-production1,0.9451854136149873,0.03447441860465116,0.03258471760797342
fast0507-1000,bg,320,btran,dense,upper-production1,0.9439153792597332,0.0342858064516129,0.0323629
runtime-40000,ft,0,ftran,actual,upper-production2,0.9925926610080262,0.2706775,0.26867250000000004
runtime-40000,ft,0,ftran,dense,upper-production2,1.0317358297238135,0.2982083333333333,0.30767222222222224
runtime-40000,ft,0,btran,actual,upper-production2,0.9846028296440941,0.23297870212765956,0.22939148936170214
runtime-40000,ft,0,btran,dense,upper-production2,1.0366189847615457,0.32753823529411763,0.33953235294117645
runtime-40000,ft,80,ftran,actual,upper-production2,0.9760122549872924,0.6382888888888889,0.6229777777777777
runtime-40000,ft,80,ftran,dense,upper-production2,0.9863397380747538,0.6974,0.6878733333333333
runtime-40000,ft,80,btran,actual,upper-production2,0.9435174591551875,0.7803928571428571,0.7363142857142857
runtime-40000,ft,80,btran,dense,upper-production2,1.0121853775469436,0.8224142857142858,0.8324357142857143
runtime-40000,ft,320,ftran,actual,upper-production2,0.9270300870810371,1.7159714285714285,1.590757142857143
runtime-40000,ft,320,ftran,dense,upper-production2,0.9329235866808476,1.6297333333333333,1.5204166666666667
runtime-40000,ft,320,btran,actual,upper-production2,0.9555916170271715,2.0212399999999997,1.9314799999999999
runtime-40000,ft,320,btran,dense,upper-production2,0.9982467027176107,2.03046,2.0269
runtime-40000,ss,0,ftran,actual,upper-production2,0.9832709919898102,0.2654357142857143,0.2609952380952381
runtime-40000,ss,0,ftran,dense,upper-production2,0.9669250598919666,0.31366,0.30328571428571427
runtime-40000,ss,0,btran,actual,upper-production2,1.038195980038049,0.22668125,0.2353395625
runtime-40000,ss,0,btran,dense,upper-production2,0.9089466658831231,0.35034411764705886,0.31844411764705877
runtime-40000,ss,80,ftran,actual,upper-production2,0.9258233119449284,0.6536944444444444,0.6052055555555554
runtime-40000,ss,80,ftran,dense,upper-production2,0.9589461646727656,0.6687058823529411,0.6412529411764706
runtime-40000,ss,80,btran,actual,upper-production2,0.9675811885953737,0.7568357142857142,0.7323
runtime-40000,ss,80,btran,dense,upper-production2,1.0082685895157333,0.8439857142857142,0.8509642857142857
runtime-40000,ss,320,ftran,actual,upper-production2,0.9007269249972496,1.6881285714285714,1.520542857142857
runtime-40000,ss,320,ftran,dense,upper-production2,0.8982993131092993,1.7130333333333332,1.5388166666666667
runtime-40000,ss,320,btran,actual,upper-production2,1.0242245939094239,1.91706,1.9635
runtime-40000,ss,320,btran,dense,upper-production2,0.9811063640347306,2.0917202,2.0521999999999996
runtime-40000,bg,0,ftran,actual,upper-production2,1.0123067880201684,0.2722075,0.2755575
runtime-40000,bg,0,ftran,dense,upper-production2,1.0500669515930812,0.3115257142857143,0.32712285714285716
runtime-40000,bg,0,btran,actual,upper-production2,1.0142747347504968,0.24812093023255813,0.25166279069767444
runtime-40000,bg,0,btran,dense,upper-production2,1.0036861849616703,0.3406111111111111,0.34186666666666665
runtime-40000,bg,80,ftran,actual,upper-production2,0.9439454408641069,0.65616875,0.6193875
runtime-40000,bg,80,ftran,dense,upper-production2,0.9455947076845216,0.69156875,0.6539437499999999
runtime-40000,bg,80,btran,actual,upper-production2,0.983187684472481,0.7405285714285715,0.7280785714285714
runtime-40000,bg,80,btran,dense,upper-production2,0.9794312054270308,0.8212857142857143,0.8043928571428571
runtime-40000,bg,320,ftran,actual,upper-production2,0.9135712420419446,1.586442857142857,1.4493285714285713
runtime-40000,bg,320,ftran,dense,upper-production2,0.91524440106571,1.6246714285714283,1.4869714285714284
runtime-40000,bg,320,btran,actual,upper-production2,0.9916212746764735,1.9215333333333333,1.905433333333333
runtime-40000,bg,320,btran,dense,upper-production2,1.0021372894141312,1.9885000000000002,1.9927500000000002
fast0507-1000,ft,0,ftran,actual,upper-production2,0.9813278419103817,0.003171302982731554,0.0031120879120879125
fast0507-1000,ft,0,ftran,dense,upper-production2,1.0051432982727009,0.0036892132431470275,0.003708187967248131
fast0507-1000,ft,0,btran,actual,upper-production2,0.999636917428972,0.0036081149927219796,0.003606804949053857
fast0507-1000,ft,0,btran,dense,upper-production2,1.003775051919752,0.003988045695634435,0.004003100775193799
fast0507-1000,ft,80,ftran,actual,upper-production2,0.8961495319681163,0.010615489989462592,0.009513066385669126
fast0507-1000,ft,80,ftran,dense,upper-production2,0.9355776978558655,0.01090739549839228,0.010204715969989281
fast0507-1000,ft,80,btran,actual,upper-production2,0.9373552367791034,0.01303984771573604,0.012222969543147208
fast0507-1000,ft,80,btran,dense,upper-production2,0.9329264814920437,0.013418112244897957,0.01251811224489796
fast0507-1000,ft,320,ftran,actual,upper-production2,0.9416916582300243,0.044554042553191495,0.041956170212765966
fast0507-1000,ft,320,ftran,dense,upper-production2,0.9502400698384985,0.04462987012987013,0.04240909090909091
fast0507-1000,ft,320,btran,actual,upper-production2,0.9103417832085733,0.03369335443037974,0.03067246835443038
fast0507-1000,ft,320,btran,dense,upper-production2,0.9282353848526917,0.03378762214983713,0.0313628664495114
fast0507-1000,ss,0,ftran,actual,upper-production2,0.9708315831632004,0.0031931066749844045,0.0030999688084840924
fast0507-1000,ss,0,ftran,dense,upper-production2,1.0158133836965952,0.0036239363669996302,0.003681243063263041
fast0507-1000,ss,0,btran,actual,upper-production2,0.9943719022563278,0.003654034957233172,0.003633469691335069
fast0507-1000,ss,0,btran,dense,upper-production2,1.0089240704619644,0.004075247116968698,0.0041116149093904444
fast0507-1000,ss,80,ftran,actual,upper-production2,0.9022911252501719,0.010300615384615385,0.009294153846153848
fast0507-1000,ss,80,ftran,dense,upper-production2,0.9004637146371464,0.011032359081419625,0.009934239039665971
fast0507-1000,ss,80,btran,actual,upper-production2,0.9235117674203969,0.012953424657534247,0.011962640099626401
fast0507-1000,ss,80,btran,dense,upper-production2,0.9254403446585467,0.013309410288582183,0.012317065244667504
fast0507-1000,ss,320,ftran,actual,upper-production2,0.9440321107039102,0.041276694915254236,0.03896652542372882
fast0507-1000,ss,320,ftran,dense,upper-production2,0.9313400439456023,0.041749586776859506,0.03888306198347107
fast0507-1000,ss,320,btran,actual,upper-production2,0.922548035014363,0.03321596416938111,0.03064332247557003
fast0507-1000,ss,320,btran,dense,upper-production2,0.9612971788035599,0.03281498697068404,0.03154495439739414
fast0507-1000,bg,0,ftran,actual,upper-production2,0.9786685509128409,0.003392549400712666,0.003320181405895692
fast0507-1000,bg,0,ftran,dense,upper-production2,0.97817546723266,0.003964472381794078,0.0038779496243923992
fast0507-1000,bg,0,btran,actual,upper-production2,0.9912537027390224,0.003969436128526646,0.0039347182601880875
fast0507-1000,bg,0,btran,dense,upper-production2,0.9857470273829353,0.004357637130801687,0.004295527848101266
fast0507-1000,bg,80,ftran,actual,upper-production2,0.9060122263308087,0.010901947027027027,0.009877297297297298
fast0507-1000,bg,80,ftran,dense,upper-production2,0.9316020350814921,0.011256492785793562,0.010486571587125416
fast0507-1000,bg,80,btran,actual,upper-production2,0.9557655770448678,0.012733870967741935,0.01217059553349876
fast0507-1000,bg,80,btran,dense,upper-production2,0.9256633053384092,0.013286100386100385,0.012298455598455597
fast0507-1000,bg,320,ftran,actual,upper-production2,0.9495527221261547,0.043308864978902954,0.04112405063291139
fast0507-1000,bg,320,ftran,dense,upper-production2,0.9206628611373345,0.045304786956521736,0.0417104347826087
fast0507-1000,bg,320,btran,actual,upper-production2,0.9106289083437558,0.03556622073578595,0.03238762876254181
fast0507-1000,bg,320,btran,dense,upper-production2,0.9356793843383823,0.03559863356164383,0.033308907534246576
runtime-40000,hh,0,ftran,actual,hh-compact1,1.0047964166250143,0.23644545454545457,0.23757954545454543
runtime-40000,hh,0,ftran,dense,hh-compact1,1.013495301912926,0.23228695652173914,0.23542173913043477
runtime-40000,hh,0,btran,actual,hh-compact1,1.0048516586126566,0.23609545454545455,0.23724090909090909
runtime-40000,hh,0,btran,dense,hh-compact1,0.9959663511286552,0.23720909090909092,0.23625227272727276
runtime-40000,hh,80,ftran,actual,hh-compact1,0.9943727408356781,0.2628184210526316,0.2613394736842105
runtime-40000,hh,80,ftran,dense,hh-compact1,0.9899607947624848,0.26272,0.26008250000000005
runtime-40000,hh,80,btran,actual,hh-compact1,0.9800109925077382,0.27291315789473686,0.2674578947368421
runtime-40000,hh,80,btran,dense,hh-compact1,1.0085353521296632,0.2694675,0.27176750000000005
runtime-40000,hh,320,ftran,actual,hh-compact1,0.9376963251712521,0.34094193548387103,0.3197
runtime-40000,hh,320,ftran,dense,hh-compact1,0.9228363460357057,0.53717,0.49572000000000005
runtime-40000,hh,320,btran,actual,hh-compact1,0.9714170415063141,0.5644388888888888,0.5483055555555556
runtime-40000,hh,320,btran,dense,hh-compact1,0.9891587771848335,0.5631526315789473,0.5570473684210526
fast0507-1000,hh,0,ftran,actual,hh-compact1,0.9995001149735561,0.0028001959686450167,0.0027987961926091826
fast0507-1000,hh,0,ftran,dense,hh-compact1,1.0149964555647635,0.00286408350014298,0.002907034601086646
fast0507-1000,hh,0,btran,actual,hh-compact1,0.9787003354038527,0.0024271273979340874,0.002375430398425972
fast0507-1000,hh,0,btran,dense,hh-compact1,1.0059114403158196,0.0023586273098152146,0.002372570194384449
fast0507-1000,hh,80,ftran,actual,hh-compact1,0.9982523084093092,0.007617825443786983,0.007604511834319526
fast0507-1000,hh,80,ftran,dense,hh-compact1,0.9894697035808825,0.008224162679425839,0.00813755980861244
fast0507-1000,hh,80,btran,actual,hh-compact1,0.9944302489161954,0.010522960725075529,0.010464350453172205
fast0507-1000,hh,80,btran,dense,hh-compact1,1.0019500527914846,0.01031311111111111,0.010333222222222223
fast0507-1000,hh,320,ftran,actual,hh-compact1,0.9359623937397961,0.02580581113801453,0.02415326876513317
fast0507-1000,hh,320,ftran,dense,hh-compact1,0.9416577396588295,0.037804872659176036,0.03559925093632959
fast0507-1000,hh,320,btran,actual,hh-compact1,0.9882095318237455,0.05975771428571428,0.05905314285714285
fast0507-1000,hh,320,btran,dense,hh-compact1,1.002954618900328,0.05975448275862068,0.05993103448275862
runtime-40000,hh,0,ftran,actual,hh-compact2,0.9968706660502826,0.22800810810810815,0.2272945945945946
runtime-40000,hh,0,ftran,dense,hh-compact2,0.997863701667812,0.2223472222222222,0.22187222222222222
runtime-40000,hh,0,btran,actual,hh-compact2,1.0081185955394816,0.2259063829787234,0.2277404255319149
runtime-40000,hh,0,btran,dense,hh-compact2,0.9778069934460969,0.23164545454545457,0.22650454545454546
runtime-40000,hh,80,ftran,actual,hh-compact2,0.9863558368235578,0.2580904761904762,0.25456904761904764
runtime-40000,hh,80,ftran,dense,hh-compact2,1.000578398390915,0.26130697674418607,0.2614581162790698
runtime-40000,hh,80,btran,actual,hh-compact2,0.9786578637449528,0.27509207894736837,0.2692210263157894
runtime-40000,hh,80,btran,dense,hh-compact2,1.0002905468486705,0.2718105,0.27188947368421057
runtime-40000,hh,320,ftran,actual,hh-compact2,0.9693771290396598,0.3433757575757576,0.3328606060606061
runtime-40000,hh,320,ftran,dense,hh-compact2,0.9122332767909719,0.5418047619047619,0.4942523333333333
runtime-40000,hh,320,btran,actual,hh-compact2,0.9615363303904547,0.5699157894736842,0.5479947368421052
runtime-40000,hh,320,btran,dense,hh-compact2,0.9581344926964714,0.5736610555555556,0.5496444444444445
fast0507-1000,hh,0,ftran,actual,hh-compact2,0.9900377877018207,0.0028724274034395265,0.0028438116718353538
fast0507-1000,hh,0,ftran,dense,hh-compact2,1.0016890926640927,0.002858719646799117,0.002863548289183223
fast0507-1000,hh,0,btran,actual,hh-compact2,1.0056578207174092,0.0023944312119794104,0.0024079784744969585
fast0507-1000,hh,0,btran,dense,hh-compact2,0.9995652658206057,0.002439134892575469,0.0024380745172695134
fast0507-1000,hh,80,ftran,actual,hh-compact2,0.9979140185085443,0.007777227722772276,0.007761004569687738
fast0507-1000,hh,80,ftran,dense,hh-compact2,0.9938481463493605,0.008277386934673368,0.00822646566164154
fast0507-1000,hh,80,btran,actual,hh-compact2,0.9930761900851234,0.01047220443101712,0.010399696878147029
fast0507-1000,hh,80,btran,dense,hh-compact2,1.0190957662586946,0.010198688193743694,0.01039343995963673
fast0507-1000,hh,320,ftran,actual,hh-compact2,0.9709930155158126,0.0258428161209068,0.025093193954659948
fast0507-1000,hh,320,ftran,dense,hh-compact2,0.9518270086127407,0.03801396323529412,0.03618271691176471
fast0507-1000,hh,320,btran,actual,hh-compact2,0.9849554966939895,0.05936931250000001,0.058476130681818186
fast0507-1000,hh,320,btran,dense,hh-compact2,0.9860354101619552,0.05971850617283951,0.058884561728395055
