type,length,dimension,density,kind,old_microseconds,new_microseconds,ratio,old_bytes,new_bytes
Float32,8,,0.01,hh_hit,0.0068024,0.0036512,0.536751734681877,0.0,0.0
Float32,8,,0.01,hh_miss_first,0.004286,0.0040844,0.9529631357909475,0.0,0.0
Float32,8,,0.01,hh_miss_early,0.004697596,0.004089196,0.8704869469405201,0.0,0.0
Float32,8,,0.01,hh_miss_middle,0.0053596,0.0040576,0.7570714232405403,0.0,0.0
Float32,8,,0.01,hh_miss_last,0.006454796,0.004077196,0.6316537346803835,0.0,0.0
Float32,8,,0.01,tri,0.007931996,0.005779196,0.7285929039802844,0.0,0.0
Float32,8,,1.0,hh_hit,0.0067576,0.003663996,0.5422037409731266,0.0,0.0
Float32,8,,1.0,hh_miss_first,0.004418,0.0040688,0.920959710276143,0.0,0.0
Float32,8,,1.0,hh_miss_early,0.0047004,0.0040868,0.8694579184750233,0.0,0.0
Float32,8,,1.0,hh_miss_middle,0.0054532,0.0041368,0.7586004547788454,0.0,0.0
Float32,8,,1.0,hh_miss_last,0.0065372,0.004164,0.6369699565563238,0.0,0.0
Float32,8,,1.0,tri,0.0082328,0.005782,0.7023127004178408,0.0,0.0
Float32,64,,0.01,hh_hit,0.0427648,0.0107904,0.25231966477102663,0.0,0.0
Float32,64,,0.01,hh_miss_first,0.0167072,0.0113088,0.676881823405478,0.0,0.0
Float32,64,,0.01,hh_miss_early,0.0166848,0.010752,0.6444188722669735,0.0,0.0
Float32,64,,0.01,hh_miss_middle,0.0280416,0.0110016,0.3923313933584389,0.0,0.0
Float32,64,,0.01,hh_miss_last,0.0422496,0.0109024,0.2580474134666364,0.0,0.0
Float32,64,,0.01,tri,0.033904,0.01,0.2949504483246815,0.0,0.0
Float32,64,,1.0,hh_hit,0.0412096,0.0104192,0.2528342910389812,0.0,0.0
Float32,64,,1.0,hh_miss_first,0.0161408,0.0106304,0.6586042823156225,0.0,0.0
Float32,64,,1.0,hh_miss_early,0.0168544,0.0106208,0.63014999050693,0.0,0.0
Float32,64,,1.0,hh_miss_middle,0.0275008,0.0107168,0.38969048173144055,0.0,0.0
Float32,64,,1.0,hh_miss_last,0.0420448,0.010656,0.2534439455057463,0.0,0.0
Float32,64,,1.0,tri,0.0340544,0.0100064,0.2938357451606841,0.0,0.0
Float32,2048,,0.01,hh_hit,1.3366803278688524,0.28135245901639344,0.21048597271194236,0.0,0.0
Float32,2048,,0.01,hh_miss_first,0.4625,0.09938524590163934,0.21488701816570668,0.0,0.0
Float32,2048,,0.01,hh_miss_early,0.45338114754098363,0.09692622950819671,0.21378531073446325,0.0,0.0
Float32,2048,,0.01,hh_miss_middle,0.9251024590163934,0.1762295081967213,0.19049728652120942,0.0,0.0
Float32,2048,,0.01,hh_miss_last,1.3876024590163933,0.27848360655737703,0.2006940855054272,0.0,0.0
Float32,2048,,0.01,tri,1.0024600409836066,0.17530737704918034,0.1748771720388675,0.0,0.0
Float32,2048,,1.0,hh_hit,1.3792008196721313,0.2793032786885246,0.2025109575811604,0.0,0.0
Float32,2048,,1.0,hh_miss_first,0.4530737704918033,0.10051229508196721,0.22184531886024422,0.0,0.0
Float32,2048,,1.0,hh_miss_early,0.4524590163934426,0.09631147540983606,0.21286231884057968,0.0,0.0
Float32,2048,,1.0,hh_miss_middle,0.9555327868852459,0.18288934426229508,0.19140038601758524,0.0,0.0
Float32,2048,,1.0,hh_miss_last,1.3729508196721312,0.2781762295081967,0.20261194029850743,0.0,0.0
Float32,2048,,1.0,tri,0.9805327868852459,0.1752049180327869,0.17868338557993732,0.0,0.0
Float32,32768,,0.01,hh_hit,21.500016393442625,4.427868852459016,0.20594723145464622,0.0,0.0
Float32,32768,,0.01,hh_miss_first,6.998360655737706,1.3655737704918034,0.1951276645584446,0.0,0.0
Float32,32768,,0.01,hh_miss_early,7.011475409836065,1.3688524590163935,0.19523030161328034,0.0,0.0
Float32,32768,,0.01,hh_miss_middle,14.139344262295081,2.836065573770492,0.20057971014492756,0.0,0.0
Float32,32768,,0.01,hh_miss_last,21.1,4.329508196721312,0.20518996192991998,0.0,0.0
Float32,32768,,0.01,tri,16.660655737704914,2.89672131147541,0.17386598445340945,0.0,0.0
Float32,32768,,1.0,hh_hit,21.840983606557376,4.49672131147541,0.20588456053441417,0.0,0.0
Float32,32768,,1.0,hh_miss_first,7.314754098360655,1.4163934426229507,0.19363514119229047,0.0,0.0
Float32,32768,,1.0,hh_miss_early,7.260672131147541,1.4081967213114754,0.19394853477413687,0.0,0.0
Float32,32768,,1.0,hh_miss_middle,14.591803278688525,2.932786885245902,0.20098865296034155,0.0,0.0
Float32,32768,,1.0,hh_miss_last,21.509836065573772,4.422967213114754,0.20562533343495162,0.0,0.0
Float32,32768,,1.0,tri,15.831147540983606,2.7557377049180327,0.1740706223464844,0.0,0.0
Float32,360982,,0.01,hh_hit,236.845,55.76,0.23542823365492202,0.0,0.0
Float32,360982,,0.01,hh_miss_first,79.595,17.705000000000002,0.2224385953891576,0.0,0.0
Float32,360982,,0.01,hh_miss_early,82.16999999999999,19.46,0.236826092247779,0.0,0.0
Float32,360982,,0.01,hh_miss_middle,158.95505,37.775,0.23764579986606274,0.0,0.0
Float32,360982,,0.01,hh_miss_last,240.565,55.42999999999999,0.23041589591170783,0.0,0.0
Float32,360982,,0.01,tri,181.81,43.074999999999996,0.2369231615422694,0.0,0.0
Float32,360982,,1.0,hh_hit,242.79000000000002,55.32,0.22785122945755587,0.0,0.0
Float32,360982,,1.0,hh_miss_first,80.115,17.419999999999998,0.21743743368907195,0.0,0.0
Float32,360982,,1.0,hh_miss_early,80.57,19.365,0.24035000620578378,0.0,0.0
Float32,360982,,1.0,hh_miss_middle,158.89499999999998,36.985,0.23276377481984958,0.0,0.0
Float32,360982,,1.0,hh_miss_last,241.90000000000003,54.615,0.22577511368334022,0.0,0.0
Float32,360982,,1.0,tri,186.18505,40.375,0.21685414591558236,0.0,0.0
Float64,8,,0.01,hh_hit,0.0070724,0.0046408,0.6561846049431592,0.0,0.0
Float64,8,,0.01,hh_miss_first,0.0042992,0.004858,1.1299776702642352,0.0,0.0
Float64,8,,0.01,hh_miss_early,0.0047156,0.0047248,1.0019509712443802,0.0,0.0
Float64,8,,0.01,hh_miss_middle,0.005340404,0.0047564,0.8906442284141799,0.0,0.0
Float64,8,,0.01,hh_miss_last,0.0065504,0.0047228,0.7209941377625795,0.0,0.0
Float64,8,,0.01,tri,0.008365204,0.0060288,0.7206996984173967,0.0,0.0
Float64,8,,1.0,hh_hit,0.006624,0.004516,0.6817632850241546,0.0,0.0
Float64,8,,1.0,hh_miss_first,0.0043232,0.0047184,1.0914137675795708,0.0,0.0
Float64,8,,1.0,hh_miss_early,0.004774,0.0047144,0.9875157100963552,0.0,0.0
Float64,8,,1.0,hh_miss_middle,0.0053612,0.004732404,0.8827135715884504,0.0,0.0
Float64,8,,1.0,hh_miss_last,0.0066052,0.004708,0.7127717555865076,0.0,0.0
Float64,8,,1.0,tri,0.0082636,0.0060464,0.7316907885183215,0.0,0.0
Float64,64,,0.01,hh_hit,0.0412928,0.0190656,0.4617172969621822,0.0,0.0
Float64,64,,0.01,hh_miss_first,0.016416,0.0192288,1.1713450292397662,0.0,0.0
Float64,64,,0.01,hh_miss_early,0.0168384,0.0194336,1.154123907259597,0.0,0.0
Float64,64,,0.01,hh_miss_middle,0.031158400000000003,0.0192064,0.61641162575742,0.0,0.0
Float64,64,,0.01,hh_miss_last,0.0424544,0.0195168,0.45971206753599153,0.0,0.0
Float64,64,,0.01,tri,0.0355296,0.015126400000000002,0.42574079077726745,0.0,0.0
Float64,64,,1.0,hh_hit,0.0426208,0.01928,0.4523612883850139,0.0,0.0
Float64,64,,1.0,hh_miss_first,0.0166816,0.0197728,1.1853059658545941,0.0,0.0
Float64,64,,1.0,hh_miss_early,0.0167584,0.019424,1.1590605308382662,0.0,0.0
Float64,64,,1.0,hh_miss_middle,0.0274208,0.0197632,0.7207375423036527,0.0,0.0
Float64,64,,1.0,hh_miss_last,0.0420096,0.0194304,0.4625228519195613,0.0,0.0
Float64,64,,1.0,tri,0.0358208,0.0152,0.42433446489190635,0.0,0.0
Float64,2048,,0.01,hh_hit,1.3395491803278687,0.5497950819672132,0.41043292029983175,0.0,0.0
Float64,2048,,0.01,hh_miss_first,0.4612704918032787,0.19118852459016394,0.4144824522434473,0.0,0.0
Float64,2048,,0.01,hh_miss_early,0.46178278688524593,0.19723360655737704,0.42711337918792985,0.0,0.0
Float64,2048,,0.01,hh_miss_middle,0.9359631147540984,0.37663934426229506,0.40240831964969886,0.0,0.0
Float64,2048,,0.01,hh_miss_last,1.3957991803278689,0.582377049180328,0.41723555751302943,0.0,0.0
Float64,2048,,0.01,tri,1.1020491803278687,0.3597336065573771,0.32642246188174046,0.0,0.0
Float64,2048,,1.0,hh_hit,1.4182377049180328,0.5829918032786884,0.4110677647738766,0.0,0.0
Float64,2048,,1.0,hh_miss_first,0.4805327868852459,0.20266393442622951,0.42174840085287846,0.0,0.0
Float64,2048,,1.0,hh_miss_early,0.47725409836065574,0.20256147540983607,0.4244310863031344,0.0,0.0
Float64,2048,,1.0,hh_miss_middle,0.9464139344262296,0.3675204918032787,0.38832954422431526,0.0,0.0
Float64,2048,,1.0,hh_miss_last,1.3395491803278687,0.573360655737705,0.4280250879608384,0.0,0.0
Float64,2048,,1.0,tri,1.041188524590164,0.3487704918032787,0.3349734304270812,0.0,0.0
Float64,32768,,0.01,hh_hit,21.944262295081963,9.00327868852459,0.4102793963842822,0.0,0.0
Float64,32768,,0.01,hh_miss_first,7.445901639344262,2.881967213114754,0.3870541611624835,0.0,0.0
Float64,32768,,0.01,hh_miss_early,7.245901639344262,2.778688524590164,0.3834841628959276,0.0,0.0
Float64,32768,,0.01,hh_miss_middle,14.260655737704916,5.991803278688525,0.42016323715369586,0.0,0.0
Float64,32768,,0.01,hh_miss_last,21.50327868852459,9.20655737704918,0.42814667988107036,0.0,0.0
Float64,32768,,0.01,tri,18.281967213114754,5.660655737704918,0.30963055954088947,0.0,0.0
Float64,32768,,1.0,hh_hit,21.73116393442623,9.098360655737707,0.4186780184987791,0.0,0.0
Float64,32768,,1.0,hh_miss_first,7.021311475409837,2.7098360655737705,0.3859444314732664,0.0,0.0
Float64,32768,,1.0,hh_miss_early,7.083606557377049,2.7065573770491804,0.38208747975005786,0.0,0.0
Float64,32768,,1.0,hh_miss_middle,14.654098360655738,6.022950819672131,0.41100794272289964,0.0,0.0
Float64,32768,,1.0,hh_miss_last,21.98032786885246,9.126229508196722,0.4151998806682578,0.0,0.0
Float64,32768,,1.0,tri,18.301639344262295,5.775409836065573,0.31556789681117875,0.0,0.0
Float64,360982,,0.01,hh_hit,248.485,114.265,0.45984667082520075,0.0,0.0
Float64,360982,,0.01,hh_miss_first,87.935,38.21,0.43452550179109567,0.0,0.0
Float64,360982,,0.01,hh_miss_early,87.15,39.05,0.44807802639127936,0.0,0.0
Float64,360982,,0.01,hh_miss_middle,170.74,80.235,0.46992503221272103,0.0,0.0
Float64,360982,,0.01,hh_miss_last,247.17499999999998,110.0,0.44502882573075764,0.0,0.0
Float64,360982,,0.01,tri,210.225,76.01,0.3615649898917826,0.0,0.0
Float64,360982,,1.0,hh_hit,246.73999999999995,107.815,0.43695793142579237,0.0,0.0
Float64,360982,,1.0,hh_miss_first,78.65,30.735000000000003,0.3907819453273999,0.0,0.0
Float64,360982,,1.0,hh_miss_early,79.22494999999999,31.605,0.3989273581113021,0.0,0.0
Float64,360982,,1.0,hh_miss_middle,164.48,67.87,0.4126337548638132,0.0,0.0
Float64,360982,,1.0,hh_miss_last,243.84,108.36000000000001,0.4443897637795276,0.0,0.0
Float64,360982,,1.0,tri,216.92995000000002,79.11,0.3646799346978137,0.0,0.0
