start,method,updates,update_before_s,update_after_s,ftran_before_ms,ftran_after_ms,btran_before_ms,btran_after_ms
16017,PFIFactorization,320,0.04671829900000004,0.06716619999999994,3.25943495,2.99537,3.7101048999999997,3.619915
16017,ForrestTomlinFactorization,320,1.1727815739999998,1.0949823990000007,3.2058699000000006,2.9512,3.4258649500000002,3.35917
16017,SuhlSuhlFactorization,320,1.287153776,1.1740560029999996,3.2444749,2.94706,3.73848495,3.3713699999999998
16017,BartelsGolubFactorization,320,3.290666742000001,2.5998126799999994,3.41974995,3.1217800999999996,3.8676749500000005,3.4308501
19217,PFIFactorization,320,0.04270549999999999,0.050485102000000025,3.9361249499999995,3.5966851,4.53390995,4.45153515
19217,ForrestTomlinFactorization,320,1.325312688000001,1.2446573490000004,3.90638,3.4371750999999997,4.113655,3.9963202000000004
19217,SuhlSuhlFactorization,320,1.3579167970000001,1.217023151,3.8405549999999997,3.4130251499999997,4.188255,4.03158515
19217,BartelsGolubFactorization,320,3.5359802990000033,3.061745656000001,3.78616,3.4983550500000002,4.242405,3.95143505
20817,PFIFactorization,320,0.039405201000000015,0.04959340000000002,3.86810515,3.6865750500000005,4.5591251999999995,4.27745505
20817,ForrestTomlinFactorization,320,1.3243625549999996,1.224602499,3.7741352,3.4113949999999997,4.569560200000001,3.88639
20817,SuhlSuhlFactorization,320,1.5427281289999992,1.3312677949999998,3.77752505,3.39308,4.217975050000001,3.960135
20817,BartelsGolubFactorization,320,3.6763658659999994,2.8780684639999996,3.82835035,3.5361955500000004,4.16151535,4.05639065
24017,PFIFactorization,320,0.04125630499999996,0.05430630600000001,4.39988035,4.10955515,5.13480545,4.9388302
24017,ForrestTomlinFactorization,320,1.352668241,1.2557908590000004,4.12007015,3.73352015,4.5090501000000005,4.3884202
24017,SuhlSuhlFactorization,320,1.5418429399999993,1.3417390099999995,4.1144300000000005,3.7859023499999997,4.51497,4.32541265
24017,BartelsGolubFactorization,320,3.7969920079999993,2.9681978109999996,4.25286005,3.8441300499999995,4.59974,4.476530149999999
